id,item_group_id,title,description,link,image_link,price,availability,condition,google_product_category,product_type,additional_image_link,sale_price,brand,gender,age_group,size,size_type,shipping,custom_label_0,adwords_redirect
nl-01,,"Name Necklace with Heart Personalized Name Necklace, GMissT Custom Name Necklace 18K Gold Plated for Women Girls Gift","Material: Made of premium quality stainless steel plated with 18K gold, highly polished and nickel free chain. Hypo-allergenic, no harm to skin, durable and comfortable to wear.
How To Customized: Personalized necklace with any name, you just need to click the ¡±customize now¡± for personalizing, then your favorite color, font and type your wanted name. There are 3 kinds of colors to choose. Customize your unique necklace according to your ideas!
Three Colors Available: Silver, Rose Gold and 18K Gold plated. Fashion style, noble and elegant. The necklace suits for all age groups and perfectly matches with any outfit, fully expressing your personality and charm.
Perfect Gift: Comes with an elegant and exquisite box, making it a great gift for your children, girlfriend, wife, families, or a special treat just for yourself. It can be applied to so many occasions, such s Valentine's Day, Birthday, Christmas, Mother's Day, Anniversary, Wedding and Graduation etc.
About Shipping: Estimated standard delivery time is about 10-20 days. Expedited shipping is available at checkout for faster delivery within 15 days (5-7 days for customization and 7 days for delivery). Feel free to let us know if you have any questions. It will be a great pleasure for us to provide any customer with wonderful shopping experience.",https://gmisststore.com/collections/custom-name-necklace/products/custom-name-necklace-18k-gold-plated-2-name-with-heart,https://m.media-amazon.com/images/I/61gDok4JVPL._AC_SY535._SX._UX._SY._UY_.jpg,59.99,in stock,new,Apparel & Accessories > Jewelry > Necklaces,,,25.99,GMissT,female,,,,US:CA:Ground:0 USD,,
nl-02,,"Horizontal Name Necklace Personalized Name Necklace, GMissT Custom Name Necklace 18K Gold Plated for Women Girls Gift","Material: Made of premium quality stainless steel plated with 18K gold, highly polished and nickel free chain. Hypo-allergenic, no harm to skin, durable and comfortable to wear.
How To Customized: Personalized necklace with any name, you just need to click the ¡±customize now¡± for personalizing, then your favorite color, font and type your wanted name. There are 3 kinds of colors to choose. Customize your unique necklace according to your ideas!
Three Colors Available: Silver, Rose Gold and 18K Gold plated. Fashion style, noble and elegant. The necklace suits for all age groups and perfectly matches with any outfit, fully expressing your personality and charm.
Perfect Gift: Comes with an elegant and exquisite box, making it a great gift for your children, girlfriend, wife, families, or a special treat just for yourself. It can be applied to so many occasions, such s Valentine's Day, Birthday, Christmas, Mother's Day, Anniversary, Wedding and Graduation etc.
About Shipping: Estimated standard delivery time is about 10-20 days. Expedited shipping is available at checkout for faster delivery within 15 days (5-7 days for customization and 7 days for delivery). Feel free to let us know if you have any questions. It will be a great pleasure for us to provide any customer with wonderful shopping experience.",https://gmisststore.com/collections/custom-name-necklace/products/custom-name-necklace-18k-gold-plated-horizontal-name-necklace,https://images-na.ssl-images-amazon.com/images/I/61IZXa-rpZL._AC_UY395_.jpg,59.99,in stock,new,Apparel & Accessories > Jewelry > Necklaces,,,25.99,GMissT,female,,,,US:CA:Ground:0 USD,,
nl-03,,"Necklace in Capital Letters Personalized Name Necklace, GMissT Custom Name Necklace 18K Gold Plated for Women Girls Gift","Material: Made of premium quality stainless steel plated with 18K gold, highly polished and nickel free chain. Hypo-allergenic, no harm to skin, durable and comfortable to wear.
How To Customized: Personalized necklace with any name, you just need to click the ¡±customize now¡± for personalizing, then your favorite color, font and type your wanted name. There are 3 kinds of colors to choose. Customize your unique necklace according to your ideas!
Three Colors Available: Silver, Rose Gold and 18K Gold plated. Fashion style, noble and elegant. The necklace suits for all age groups and perfectly matches with any outfit, fully expressing your personality and charm.
Perfect Gift: Comes with an elegant and exquisite box, making it a great gift for your children, girlfriend, wife, families, or a special treat just for yourself. It can be applied to so many occasions, such s Valentine's Day, Birthday, Christmas, Mother's Day, Anniversary, Wedding and Graduation etc.
About Shipping: Estimated standard delivery time is about 10-20 days. Expedited shipping is available at checkout for faster delivery within 15 days (5-7 days for customization and 7 days for delivery). Feel free to let us know if you have any questions. It will be a great pleasure for us to provide any customer with wonderful shopping experience.",https://gmisststore.com/collections/custom-name-necklace/products/custom-name-necklace-18k-gold-plated-necklace-in-capital-letters,https://m.media-amazon.com/images/I/71NLFSyvyTL._AC_SY395._SX._UX._SY._UY_.jpg,59.99,in stock,new,Apparel & Accessories > Jewelry > Necklaces,,,25.99,GMissT,female,,,,US:CA:Ground:0 USD,,
nl-04,,"Necklace with Butterfly Personalized Name Necklace, GMissT Custom Name Necklace 18K Gold Plated for Women Girls Gift","Material: Made of premium quality stainless steel plated with 18K gold, highly polished and nickel free chain. Hypo-allergenic, no harm to skin, durable and comfortable to wear.
How To Customized: Personalized necklace with any name, you just need to click the ¡±customize now¡± for personalizing, then your favorite color, font and type your wanted name. There are 3 kinds of colors to choose. Customize your unique necklace according to your ideas!
Three Colors Available: Silver, Rose Gold and 18K Gold plated. Fashion style, noble and elegant. The necklace suits for all age groups and perfectly matches with any outfit, fully expressing your personality and charm.
Perfect Gift: Comes with an elegant and exquisite box, making it a great gift for your children, girlfriend, wife, families, or a special treat just for yourself. It can be applied to so many occasions, such s Valentine's Day, Birthday, Christmas, Mother's Day, Anniversary, Wedding and Graduation etc.
About Shipping: Estimated standard delivery time is about 10-20 days. Expedited shipping is available at checkout for faster delivery within 15 days (5-7 days for customization and 7 days for delivery). Feel free to let us know if you have any questions. It will be a great pleasure for us to provide any customer with wonderful shopping experience.",https://gmisststore.com/collections/custom-name-necklace/products/custom-name-necklace-18k-gold-plated-necklace-with-butterfly,https://m.media-amazon.com/images/I/6165cJB1sML._AC_SY535._SX._UX._SY._UY_.jpg,59.99,in stock,new,Apparel & Accessories > Jewelry > Necklaces,,,25.99,GMissT,female,,,,US:CA:Ground:0 USD,,
nl-05,,"Necklace with Crown Personalized Name Necklace, GMissT Custom Name Necklace 18K Gold Plated for Women Girls Gift","Material: Made of premium quality stainless steel plated with 18K gold, highly polished and nickel free chain. Hypo-allergenic, no harm to skin, durable and comfortable to wear.
How To Customized: Personalized necklace with any name, you just need to click the ¡±customize now¡± for personalizing, then your favorite color, font and type your wanted name. There are 3 kinds of colors to choose. Customize your unique necklace according to your ideas!
Three Colors Available: Silver, Rose Gold and 18K Gold plated. Fashion style, noble and elegant. The necklace suits for all age groups and perfectly matches with any outfit, fully expressing your personality and charm.
Perfect Gift: Comes with an elegant and exquisite box, making it a great gift for your children, girlfriend, wife, families, or a special treat just for yourself. It can be applied to so many occasions, such s Valentine's Day, Birthday, Christmas, Mother's Day, Anniversary, Wedding and Graduation etc.
About Shipping: Estimated standard delivery time is about 10-20 days. Expedited shipping is available at checkout for faster delivery within 15 days (5-7 days for customization and 7 days for delivery). Feel free to let us know if you have any questions. It will be a great pleasure for us to provide any customer with wonderful shopping experience.",https://gmisststore.com/collections/custom-name-necklace/products/custom-name-necklace-18k-gold-plated-necklace-with-crown,https://m.media-amazon.com/images/I/61i08reK2rL._AC_SY395._SX._UX._SY._UY_.jpg,59.99,in stock,new,Apparel & Accessories > Jewelry > Necklaces,,,25.99,GMissT,female,,,,US:CA:Ground:0 USD,,
nl-06,,"Necklace with Heart Personalized Name Necklace, GMissT Custom Name Necklace 18K Gold Plated for Women Girls Gift","Material: Made of premium quality stainless steel plated with 18K gold, highly polished and nickel free chain. Hypo-allergenic, no harm to skin, durable and comfortable to wear.
How To Customized: Personalized necklace with any name, you just need to click the ¡±customize now¡± for personalizing, then your favorite color, font and type your wanted name. There are 3 kinds of colors to choose. Customize your unique necklace according to your ideas!
Three Colors Available: Silver, Rose Gold and 18K Gold plated. Fashion style, noble and elegant. The necklace suits for all age groups and perfectly matches with any outfit, fully expressing your personality and charm.
Perfect Gift: Comes with an elegant and exquisite box, making it a great gift for your children, girlfriend, wife, families, or a special treat just for yourself. It can be applied to so many occasions, such s Valentine's Day, Birthday, Christmas, Mother's Day, Anniversary, Wedding and Graduation etc.
About Shipping: Estimated standard delivery time is about 10-20 days. Expedited shipping is available at checkout for faster delivery within 15 days (5-7 days for customization and 7 days for delivery). Feel free to let us know if you have any questions. It will be a great pleasure for us to provide any customer with wonderful shopping experience.",https://gmisststore.com/collections/custom-name-necklace/products/custom-name-necklace-18k-gold-plated-name-with-heart,https://m.media-amazon.com/images/I/61E+AB7TKqL._AC_SY395._SX._UX._SY._UY_.jpg,59.99,in stock,new,Apparel & Accessories > Jewelry > Necklaces,,,25.99,GMissT,female,,,,US:CA:Ground:0 USD,,
nl-07,,"Necklace with Heart & Crown Personalized Name Necklace, GMissT Custom Name Necklace 18K Gold Plated for Women Girls Gift","Material: Made of premium quality stainless steel plated with 18K gold, highly polished and nickel free chain. Hypo-allergenic, no harm to skin, durable and comfortable to wear.
How To Customized: Personalized necklace with any name, you just need to click the ¡±customize now¡± for personalizing, then your favorite color, font and type your wanted name. There are 3 kinds of colors to choose. Customize your unique necklace according to your ideas!
Three Colors Available: Silver, Rose Gold and 18K Gold plated. Fashion style, noble and elegant. The necklace suits for all age groups and perfectly matches with any outfit, fully expressing your personality and charm.
Perfect Gift: Comes with an elegant and exquisite box, making it a great gift for your children, girlfriend, wife, families, or a special treat just for yourself. It can be applied to so many occasions, such s Valentine's Day, Birthday, Christmas, Mother's Day, Anniversary, Wedding and Graduation etc.
About Shipping: Estimated standard delivery time is about 10-20 days. Expedited shipping is available at checkout for faster delivery within 15 days (5-7 days for customization and 7 days for delivery). Feel free to let us know if you have any questions. It will be a great pleasure for us to provide any customer with wonderful shopping experience.",https://gmisststore.com/collections/custom-name-necklace/products/custom-name-necklace-18k-gold-plated-necklace-with-heart,https://m.media-amazon.com/images/I/6139uSkp5LL._AC_SY395._SX._UX._SY._UY_.jpg,59.99,in stock,new,Apparel & Accessories > Jewelry > Necklaces,,,25.99,GMissT,female,,,,US:CA:Ground:0 USD,,
nl-08,,"Old English Necklace Personalized Name Necklace, GMissT Custom Name Necklace 18K Gold Plated for Women Girls Gift","Material: Made of premium quality stainless steel plated with 18K gold, highly polished and nickel free chain. Hypo-allergenic, no harm to skin, durable and comfortable to wear.
How To Customized: Personalized necklace with any name, you just need to click the ¡±customize now¡± for personalizing, then your favorite color, font and type your wanted name. There are 3 kinds of colors to choose. Customize your unique necklace according to your ideas!
Three Colors Available: Silver, Rose Gold and 18K Gold plated. Fashion style, noble and elegant. The necklace suits for all age groups and perfectly matches with any outfit, fully expressing your personality and charm.
Perfect Gift: Comes with an elegant and exquisite box, making it a great gift for your children, girlfriend, wife, families, or a special treat just for yourself. It can be applied to so many occasions, such s Valentine's Day, Birthday, Christmas, Mother's Day, Anniversary, Wedding and Graduation etc.
About Shipping: Estimated standard delivery time is about 10-20 days. Expedited shipping is available at checkout for faster delivery within 15 days (5-7 days for customization and 7 days for delivery). Feel free to let us know if you have any questions. It will be a great pleasure for us to provide any customer with wonderful shopping experience.",https://gmisststore.com/collections/custom-name-necklace/products/custom-name-necklace-18k-gold-plated-old-english-necklace,https://m.media-amazon.com/images/I/61CeCxduEfL._AC_SX395._SX._UX._SY._UY_.jpg,59.99,in stock,new,Apparel & Accessories > Jewelry > Necklaces,,,25.99,GMissT,female,,,,US:CA:Ground:0 USD,,
